id,Label,A,C,E,D,G,F,I,H,K,M,L,N,Q,P,S,R,T,W,V,Y
d5158bc540ac229a35b62f08e71bca04,1,5.841,0.278,6.12,4.172,6.259,5.146,5.841,2.503,4.312,1.391,8.484,6.815,3.755,4.033,9.04,4.729,8.484,1.669,6.676,4.451
eb9abce02aa4fd4f67d982038fbbeafc,1,6.12,0.278,5.981,4.729,6.12,5.146,5.981,2.643,4.312,1.53,8.623,6.537,3.894,4.172,8.345,4.868,8.067,1.669,6.537,4.451
7df21268708dcdde14eace96df5e74bb,1,6.12,0.278,5.981,4.868,6.12,5.146,5.981,2.643,4.312,1.391,8.484,6.398,3.894,4.172,8.762,4.868,8.067,1.669,6.398,4.451
67a40188e50e6aa838372f8bd4643efc,1,6.12,0.278,5.841,4.729,6.259,5.146,5.981,2.643,4.312,1.53,8.623,6.537,3.894,4.033,8.484,4.868,8.067,1.669,6.537,4.451
eee7910e8c9e8469fa4ee4f5d8b3bc25,1,6.12,0.278,5.981,4.729,6.12,5.146,5.981,2.643,4.312,1.53,8.623,6.537,3.894,4.451,8.206,4.868,8.206,1.669,6.259,4.451
c36c82913ec9d8b314b02f4311719cd8,1,6.12,0.278,5.981,4.729,6.12,5.146,5.981,2.643,4.312,1.53,8.484,6.537,3.894,4.172,8.484,4.868,8.067,1.669,6.537,4.451
87907b4d82a6d7a9de92767d59840472,1,6.111,0.278,5.972,4.722,6.111,5.139,5.833,2.639,4.306,1.528,8.611,6.528,3.889,4.306,8.472,4.861,8.056,1.667,6.528,4.444
5ac4e65e8cff8bc5a6f8d1c94c90ee14,1,6.12,0.278,5.841,4.729,6.12,5.146,5.841,2.782,4.312,1.53,8.623,6.537,3.894,4.172,8.484,4.868,8.067,1.669,6.676,4.312
8a233c8d20cb942741da64a771d2a19c,1,5.981,0.278,5.981,4.59,6.259,5.146,5.841,2.643,4.312,1.53,8.484,6.537,3.894,4.172,8.484,4.868,8.206,1.669,6.676,4.451
cb6c8bcf0f49d54fb5e35fc7b55a91b3,1,6.259,0.417,5.841,4.729,6.12,5.146,5.981,2.643,4.451,1.53,8.484,6.537,3.894,4.172,8.484,4.868,7.928,1.669,6.537,4.312
a8e409416c4a2be4c4209fc293dc875e,1,6.12,0.278,5.981,4.729,5.981,5.146,5.981,2.643,4.312,1.53,8.623,6.537,3.894,4.033,8.484,5.007,8.067,1.669,6.537,4.451
d52ac876dfc83492bc6f8779568335ef,1,6.12,0.278,5.981,4.729,6.12,5.146,5.981,2.643,4.312,1.53,8.484,6.537,3.894,4.033,8.623,4.868,8.067,1.669,6.537,4.451
826f89061fc1eff62f20b65b5fb0a06d,1,6.12,0.278,5.981,4.729,6.12,5.146,5.981,2.643,4.312,1.53,8.484,6.537,3.894,4.172,8.623,4.868,8.206,1.669,6.259,4.451
82fd0f5bf7b795cea0d7b2ec31728153,1,6.398,0.139,5.841,4.868,5.841,5.146,6.12,2.503,4.312,1.252,9.179,6.398,3.755,3.894,9.04,4.868,8.067,1.669,6.398,4.312
1dd3ba9ade6ef93489f73db2e8a2fa0e,1,6.398,0.139,5.981,4.729,5.981,4.868,6.12,2.364,4.59,1.53,8.762,6.537,3.755,4.172,8.345,5.424,7.928,1.808,6.12,4.451
a1d031c08ac539ebfc4e0d010c39f1c7,1,6.398,0.139,5.981,4.729,5.841,4.868,6.259,2.364,4.451,1.53,9.04,6.676,3.755,4.033,8.623,5.285,7.928,1.669,5.981,4.451
2c15f0d3fd58fe253813afc2528658a7,1,6.398,0.139,5.841,4.729,5.981,4.868,6.12,2.364,4.451,1.53,8.901,6.676,3.755,4.033,8.623,5.285,7.928,1.808,6.12,4.451
534767296a165f1bb94503ae088aa829,1,6.41,0.142,5.698,4.274,6.125,4.558,5.84,2.422,4.131,1.709,8.832,7.123,3.704,4.274,8.974,5.128,8.262,1.852,6.41,4.131
63e9405c5defe6c727764e092dba0d80,1,6.398,0.139,6.12,4.312,5.981,4.729,5.841,2.503,4.312,1.53,9.04,6.954,3.755,4.172,8.484,5.146,8.067,1.808,6.398,4.312
c49df82dc86c27a31805fc802bd7c3db,1,6.12,0.139,5.841,4.312,6.12,4.729,6.12,2.503,4.59,1.53,8.901,6.676,3.755,4.172,8.762,5.424,7.928,1.669,6.259,4.451
4be7a527d4553d6f298cd52a199dbf4e,1,5.981,0.139,5.841,4.312,6.259,4.729,5.981,2.503,4.59,1.53,8.901,6.815,3.755,4.172,8.762,5.424,7.928,1.669,6.259,4.451
3e4dca19c23f088ed9b761294ca69231,1,5.981,0.278,5.981,4.729,6.398,5.146,5.841,2.643,4.312,1.53,8.762,6.537,3.894,4.033,8.484,4.868,8.067,1.669,6.398,4.451
d7838aeafa54ac6efe3a738f4b2a5d95,1,5.841,0.278,6.537,4.729,5.702,5.146,5.841,2.225,3.755,1.391,8.901,6.398,3.894,4.033,9.179,5.146,8.067,1.669,6.815,4.451
c7296c1997f8cd191b5af53a20f7df14,1,6.233,0.277,5.956,4.848,6.094,4.986,5.817,2.632,4.294,1.524,8.726,6.51,4.017,4.155,8.31,4.848,8.033,1.662,6.648,4.432
59ca473c569498f510167fcb7e308197,1,6.12,0.278,5.981,4.729,6.12,5.146,5.841,2.782,4.312,1.53,8.623,6.537,3.894,4.033,8.484,4.868,8.067,1.669,6.537,4.451
b81c08692681036bebb379284cebef0d,1,6.12,0.278,5.981,4.729,6.12,5.146,5.841,2.643,4.451,1.53,8.623,6.398,4.033,4.033,8.484,4.868,8.067,1.669,6.537,4.451
60af3dcabe0c2b722d4c08fe115e4890,1,6.12,0.278,5.981,4.729,6.12,5.146,5.841,2.643,4.312,1.53,8.623,6.537,4.033,4.033,8.484,4.868,8.067,1.669,6.537,4.451
a999b2e2ad5f344069e0ca4ec20cdb7d,1,6.12,0.278,6.12,4.729,6.12,5.146,5.841,2.643,4.172,1.53,8.623,6.676,3.894,4.033,8.484,4.868,8.067,1.669,6.537,4.451
9977159b1ec16ea1535a5c02f6de090a,1,6.12,0.278,5.981,4.729,6.12,5.007,5.841,2.643,4.172,1.53,8.623,6.537,4.033,4.033,8.762,4.868,8.067,1.669,6.537,4.451
db58dc24bc6b22bb4c217960a2630cff,1,5.981,0.278,5.981,4.729,6.12,5.146,5.841,2.643,4.312,1.53,8.623,6.537,4.033,4.033,8.484,4.868,8.067,1.669,6.676,4.451
bbeee78c462cd156c99c76158ac85e98,1,6.12,0.278,5.981,4.59,6.12,5.146,5.841,2.643,4.312,1.53,8.623,6.537,4.033,4.033,8.484,4.868,8.067,1.669,6.537,4.59
cacdce25ac22df9e0777f91318865341,1,6.12,0.278,6.12,4.59,6.12,5.146,5.841,2.643,4.172,1.53,8.623,6.676,3.894,4.033,8.484,4.868,8.067,1.669,6.537,4.59
57a97532d9e54ade822c54bce1ffadb8,1,6.12,0.278,6.12,4.59,6.12,4.868,5.841,2.643,4.172,1.53,8.623,6.815,3.894,4.033,8.484,4.868,8.067,1.669,6.815,4.451
56ec0b26acb4350dc8e3fb7b163d4cad,1,6.12,0.278,5.981,4.729,6.12,5.146,5.841,2.643,4.172,1.53,8.623,6.537,4.033,4.033,8.484,5.007,8.067,1.669,6.537,4.451
e139ed4bba27d3b2396f7d4a5f1f7824,1,6.12,0.278,6.12,4.729,6.12,5.146,5.841,2.643,4.033,1.53,8.623,6.676,3.894,4.033,8.484,5.007,8.067,1.669,6.537,4.451
91885cde51cfcb807786b52b10fbc385,1,6.233,0.277,5.956,4.848,6.094,5.125,5.956,2.77,4.294,1.524,8.587,6.371,4.017,4.017,8.587,4.709,7.895,1.662,6.648,4.432
433143090dc99512a8d5a786b2f49274,1,6.137,0.279,5.997,4.603,5.997,5.021,5.858,2.65,4.184,1.395,8.508,6.276,4.045,4.184,8.787,5.16,8.089,1.674,6.555,4.603
d36ce5290b2eea604bcadab3837d2d24,1,6.12,0.278,5.702,4.729,5.841,4.868,5.702,3.06,4.59,1.669,9.458,5.841,4.033,3.894,9.179,4.312,8.901,1.669,5.981,4.172
512ada58acc5f224ad87b4a15b40749d,1,6.259,0.139,6.259,4.172,6.12,4.729,5.841,2.643,4.172,1.391,9.04,6.954,3.894,4.312,8.206,5.146,8.206,1.808,6.537,4.172
9bcb930d6b7122d7bcf60044ad4fd33c,1,6.398,0.139,5.981,4.729,5.841,4.868,6.12,2.364,4.451,1.53,8.901,6.676,3.894,3.894,8.623,5.285,7.928,1.808,6.12,4.451
d6084bee7a5c13e1edfd229e68b1ff0a,1,5.563,0.139,6.259,5.007,5.702,5.146,5.981,2.225,3.338,1.391,9.04,6.676,3.894,4.033,8.901,5.424,8.345,1.669,6.676,4.59
e7f9d92ddbe8be1db07813900378bc80,1,5.972,0.417,6.389,4.306,5.694,5.139,5.278,2.222,3.333,1.944,8.889,7.361,4.028,4.028,9.167,5.278,8.194,1.667,6.111,4.583
02212edc777c588b7607edaa07852650,1,5.981,0.417,6.398,4.033,5.702,5.146,5.424,2.225,3.477,1.947,8.901,7.51,4.033,4.033,9.179,5.146,8.206,1.669,5.981,4.59
bd927a093160f7e547ed179945a1652b,1,5.749,0.134,6.283,4.545,5.615,5.214,6.684,2.273,3.61,1.471,8.824,7.487,3.877,4.011,8.556,5.348,8.021,1.738,6.283,4.278
0a169d71453baa21c8efe73c974946be,0,4.961,0.93,3.566,5.581,6.977,4.651,5.426,1.705,1.55,0.93,9.457,7.132,6.512,4.806,8.372,6.047,7.907,1.55,6.047,5.891
d200ffb67a9a722c89ae61176ca5edf5,0,4.619,0.486,6.159,6.726,5.348,4.7,7.374,1.702,6.402,1.216,8.428,7.05,5.267,5.267,6.564,2.674,8.671,1.135,5.997,4.214
4a482b6ca743c638b8e90e13cab5f14b,0,4.899,0.933,6.065,6.61,5.132,4.743,6.843,2.488,5.443,1.4,8.087,7.309,5.988,5.754,7.621,2.644,7.543,1.011,5.521,3.966
7fb9de572e7cd02d79136c751ebc0cb1,0,6.509,0.377,3.962,6.321,7.17,3.868,5.849,1.698,4.811,1.604,7.547,8.679,4.811,5.377,8.208,2.547,7.925,1.887,5.377,5.472
de9475acc73680e758d43202bd434e22,0,4.207,0.0,3.56,4.207,6.796,3.883,8.414,2.265,4.207,1.942,5.825,7.767,4.207,5.825,10.032,1.294,13.916,2.265,5.502,3.883
b14f518c76da828408fffb629716ed00,0,5.495,1.099,5.495,4.762,7.326,3.663,8.059,1.099,2.564,1.832,6.96,6.227,2.93,5.495,8.059,5.861,11.355,1.099,5.495,5.128
4962f2d6734cd92637e93bdfdae38a31,0,6.137,0.289,4.838,5.848,8.087,4.477,6.931,2.022,3.971,1.444,8.303,7.509,4.404,5.776,8.014,3.466,7.509,1.083,5.848,4.043
4097235f68f1cac0fbd94c261155fced,0,7.353,0.588,5.588,3.824,5.588,3.235,7.353,2.353,3.235,0.588,6.176,5.882,4.412,5.882,9.412,5.882,10.588,0.882,7.059,4.118
5299f314041e4ae4e6fb35091dd896ff,0,5.19,0.0,5.19,4.844,7.612,2.768,7.612,1.038,5.882,1.038,6.92,7.266,3.114,3.806,10.381,2.076,10.381,1.384,8.304,5.19
21e23af9cb09257810389c2e1da0139c,0,6.492,1.082,6.583,5.951,5.14,4.779,6.673,2.164,5.5,1.172,9.829,7.665,4.148,3.697,6.583,3.607,7.124,1.172,5.771,4.869
e0a8148f6cbf80f66a0bb706de198121,0,5.141,2.008,6.185,5.703,5.703,4.016,5.141,2.651,4.659,0.964,8.835,8.594,4.578,4.659,7.39,3.936,7.631,1.285,6.988,3.936
900c6a85efb2fcbaa333227e85fbbf72,0,5.141,2.008,6.426,5.703,5.703,4.016,5.141,2.651,4.578,1.044,8.755,8.594,4.498,4.578,7.47,3.855,7.631,1.285,6.988,3.936
f93197fd2ffc89b00ddea100e6d9efa1,0,5.141,1.928,6.506,5.703,5.783,4.016,5.06,2.651,4.498,1.044,8.755,8.675,4.498,4.578,7.55,3.775,7.631,1.285,6.988,3.936
bac75a9f8c76e0eefc67cbb7a54c4fdb,0,5.727,0.528,5.878,6.029,5.652,4.295,8.44,1.959,4.823,1.733,7.536,8.365,5.275,4.898,6.556,3.542,7.159,0.603,6.933,4.069
ac30a3804b25e0abafd0b29372681717,0,4.983,1.014,8.024,5.912,6.503,3.885,7.264,1.52,5.574,1.267,8.784,5.997,3.632,3.463,8.615,4.139,5.997,1.351,6.419,5.659
d1c1ff1821d0e2d20a5129a1dbac5ea3,0,6.155,1.18,4.975,5.481,6.239,3.963,7.083,1.18,5.649,1.433,8.938,9.275,5.481,4.132,8.094,1.771,7.673,1.18,5.396,4.722
f8e7022452b03640007608ab83032af9,0,6.383,0.887,6.738,6.206,5.319,4.699,6.915,2.216,5.408,1.064,10.018,7.624,4.078,3.723,6.649,3.457,7.004,1.064,5.94,4.61
870b605a6d12c349c230c7d9e9d501e1,0,6.119,0.874,7.605,5.332,6.381,4.72,6.731,1.049,5.332,1.399,9.441,6.818,4.021,3.322,7.605,4.021,6.556,1.486,6.294,4.895
1a0b480a50014a6bd0a4044157cd928c,0,4.919,0.846,6.149,6.38,5.227,5.15,6.457,1.768,6.149,1.537,8.609,7.61,6.149,4.842,7.379,1.845,8.224,0.922,5.765,4.074
a718bae854d9b257257b07e8f5163290,0,4.842,0.846,5.765,6.38,5.304,5.15,6.226,1.768,6.38,1.537,8.532,7.763,6.226,4.766,7.302,1.768,8.455,0.922,5.919,4.151
6138479aa85ac4bb23afb762078936f0,0,7.412,0.27,4.447,5.391,5.795,5.121,6.739,1.078,4.987,2.83,7.817,7.143,4.987,5.391,8.76,3.235,6.604,1.078,5.256,5.66
af2df0bb89fb6810efe16765c4811be1,0,6.916,0.277,4.149,5.533,5.809,5.256,6.777,1.245,5.118,2.766,8.022,6.916,4.979,5.256,9.267,3.458,6.501,0.968,5.256,5.533
326fad1d8875ac35d18c9e0b8db40ed3,0,7.025,0.275,4.545,5.234,5.096,4.821,7.438,1.515,4.821,2.755,8.127,7.851,4.683,5.647,9.366,3.719,5.923,0.964,4.821,5.372
683fc92996cc61b1746f2daaadde5fec,0,6.692,0.515,4.505,5.277,6.178,3.99,7.207,1.544,5.019,2.703,8.366,7.079,4.633,6.564,8.752,3.475,5.92,1.03,5.019,5.534
2dddae47781a3457baa77891913f5789,0,6.692,0.515,4.376,5.405,6.178,3.99,7.336,1.544,5.148,2.703,8.366,6.821,4.633,6.564,8.88,3.475,5.92,1.03,4.891,5.534
1773df365e2ffa1a0c2641e66f561abb,0,5.369,0.839,5.369,6.04,6.208,4.111,5.789,2.265,5.537,1.93,8.473,8.893,4.698,3.104,7.466,3.691,6.711,1.51,5.537,6.46
f270069e588de608166699ffab79b11f,0,5.532,0.951,6.828,5.272,6.396,4.322,5.359,0.951,5.791,1.296,10.112,5.877,3.717,3.976,7.692,3.717,8.038,1.556,7.26,5.359
8c42c3499c8a45bc1cddf71815341b5f,0,5.532,0.951,6.828,5.272,6.396,4.322,5.359,0.951,5.704,1.296,10.199,5.877,3.717,3.889,7.692,3.803,8.038,1.556,7.26,5.359
f870dda0999b5331cd5db072ead9ecdc,0,5.888,0.446,7.493,5.62,6.244,5.085,5.798,1.427,3.39,1.517,8.385,7.583,4.728,2.944,6.512,5.442,7.939,1.606,6.334,5.62
42150e6668a075cd2adb37de70e57e36,0,4.95,0.0,5.611,4.62,6.931,3.96,8.581,1.32,5.611,1.98,7.261,6.271,3.3,3.63,9.241,3.3,10.231,1.32,6.271,5.611
e29976258da8d28c9e6a685bbb262e08,0,7.025,0.275,4.683,5.096,5.096,5.096,7.3,1.515,5.096,2.755,7.989,7.713,4.683,5.51,9.229,3.719,5.923,1.102,4.959,5.234
fe524aa1b556623df045a00638d13d9b,0,8.032,0.803,4.418,3.614,4.016,4.016,7.229,0.402,4.418,2.41,8.835,10.843,6.426,4.418,6.426,1.205,8.434,1.205,10.04,2.811
ba7ce9638d4e246f9e6fa3faf636a8da,0,6.667,0.667,4.8,4.267,7.333,5.333,5.467,1.2,3.467,1.2,8.533,10.933,4.133,3.6,7.867,4.4,7.733,1.333,4.533,6.533
d140173d2c94cc2925eb6b3593c09be2,0,4.497,1.499,5.782,5.353,5.567,5.353,7.495,2.784,2.998,1.499,8.565,10.278,3.854,5.139,7.281,6.852,5.782,1.285,4.497,3.64
9924280616d45292021978d002f9afd8,0,7.792,0.433,4.329,6.494,2.165,5.195,8.658,1.299,6.926,1.732,5.628,6.494,6.494,2.597,6.926,3.03,7.359,0.866,11.255,4.329
6be51c172d4d0eaec47c784fe42ac674,0,6.482,1.037,5.618,5.704,6.396,4.322,4.581,2.42,2.074,1.556,8.297,8.384,5.704,3.976,5.445,5.964,8.902,1.296,6.655,5.186
c894ae8fbd1106aba57e44a79fd9e832,0,5.243,0.749,5.618,4.494,6.742,4.12,6.367,1.124,5.243,1.124,4.494,8.24,2.622,4.494,8.24,1.873,14.607,0.749,8.614,5.243
a050902e1963d1e814f1d75d6fd6674c,0,6.489,0.382,4.58,3.053,2.672,5.725,11.45,2.29,3.817,1.527,8.397,12.214,5.725,4.198,6.107,3.053,6.489,1.145,7.634,3.053
1af0dafbd8b634ea5f3f21289231ff15,0,6.084,0.38,4.563,3.042,3.042,5.703,11.407,2.281,3.802,1.521,8.365,12.167,5.703,4.183,6.464,3.042,6.464,1.141,7.605,3.042
bfc7bbc1df8cf3b43be1cb0b9107ae5c,0,6.702,2.037,5.519,6.242,6.965,3.811,5.519,1.84,4.271,1.905,8.41,6.767,4.205,4.796,7.096,4.665,7.162,1.708,5.65,4.731
60818a06f6d5b8fc94253993470402fb,0,4.167,0.463,5.247,5.864,6.79,4.321,7.562,1.543,5.401,1.852,8.333,8.333,3.395,3.549,7.099,4.63,7.87,2.16,4.167,7.253
787e672453fa4a9dd4a99c15634f5d9e,0,4.207,0.0,3.56,4.207,6.796,3.883,8.738,2.265,4.207,1.942,6.149,8.091,4.207,5.825,9.385,1.618,13.916,2.265,5.502,3.236
eac11a1902f63f0a6069b0b0c1bd299f,0,5.895,1.053,6.105,7.579,4.0,2.526,8.632,1.895,7.789,1.684,8.842,9.263,6.526,2.526,8.0,2.105,5.684,1.684,4.0,4.211
a4ec372c625ceff852db69c79a5536d7,0,5.368,0.46,5.675,5.521,6.135,5.061,5.061,1.994,5.368,1.534,7.822,7.209,4.294,4.755,8.129,4.141,7.515,1.534,6.595,5.828
87bd054c62d8f8bdd672471d5b342dfe,0,5.368,0.46,5.675,5.521,6.135,5.061,4.908,1.84,5.368,1.534,7.975,7.209,4.601,4.601,8.129,3.834,7.669,1.534,6.595,5.982
208b6e90d53e44fe2824f201a33791fa,0,5.368,0.46,5.675,5.521,6.135,5.061,4.908,1.84,5.368,1.534,7.975,7.209,4.448,4.601,8.129,3.988,7.669,1.534,6.595,5.982
e6f0d0859a316d872cd9d90f4a9aaddd,0,5.918,0.303,5.463,6.525,5.463,6.677,5.918,1.214,5.311,1.517,8.346,6.677,4.401,4.097,8.346,4.856,7.132,1.214,5.463,5.159
8c275a85e9bdd1470774feadfd5c4299,0,4.621,0.513,3.979,5.135,5.006,3.979,6.033,1.54,2.311,2.696,7.317,13.992,5.52,4.108,6.675,6.162,8.344,1.155,3.723,7.189
5d54ca2ce830f5a2404f60aaaaa00727,0,6.38,0.0,6.657,7.628,8.877,4.577,7.074,1.248,7.767,0.555,6.103,5.964,2.219,4.022,6.935,3.883,7.351,0.832,8.46,3.467
4d48608d969c1040c99bd59f3d934a72,0,6.285,0.0,6.704,7.542,8.939,4.609,7.123,1.257,7.821,0.559,6.006,5.866,2.235,4.05,6.983,3.771,7.402,0.838,8.52,3.492
165425f7b5f3e6685eed5af100ab44b6,0,6.787,0.0,6.787,7.618,8.587,4.709,7.479,1.108,7.618,0.554,5.817,6.787,2.078,4.155,6.233,3.601,7.895,0.831,7.895,3.463
81abdecc3f9e3215545a3eb394950f8e,0,7.372,2.19,6.788,5.62,7.007,3.358,5.474,2.482,4.38,3.066,7.445,5.985,4.161,4.745,6.861,4.526,6.788,1.387,5.547,4.818
e6208d15ca846b509ab20a4a7cdf245d,0,5.137,1.195,3.943,5.974,5.974,4.182,7.646,1.195,5.018,2.151,8.961,9.319,3.345,4.779,8.244,2.031,8.602,0.717,5.137,6.452
b89b12e91635ae7b24f3071a0af16c31,0,5.41,0.785,6.021,5.585,5.41,3.839,6.283,1.134,4.974,0.873,8.988,7.853,4.276,3.839,8.813,3.665,8.115,1.745,6.806,5.585
e8d0eb3a66c1908dc8f221b78118347c,0,5.693,0.66,6.106,5.693,5.693,4.043,5.776,1.65,3.465,1.485,7.756,7.921,5.033,4.373,7.178,5.281,7.921,1.733,7.343,5.198
d512f6144b191507c25fede7b58c1fe2,0,6.199,0.653,5.873,5.954,5.71,3.834,6.281,1.387,3.752,1.305,7.912,8.157,5.22,3.834,7.504,5.139,7.341,1.713,6.77,5.465
2d94606920cef56e335e47a15e8a5dc5,0,6.696,1.019,3.057,4.949,5.531,4.221,9.461,1.019,4.512,1.601,8.297,9.461,5.386,6.114,6.696,3.639,8.006,1.164,3.639,5.531
f0a18899aeaba9c7641af6dd136115c2,0,7.266,1.563,6.797,5.859,6.328,3.75,6.25,2.5,4.688,2.656,7.422,5.703,4.141,4.375,6.25,4.609,7.266,1.406,6.25,4.922
f95083bd46593ecd4c05655f0610ecff,0,4.88,0.856,7.449,6.164,5.822,3.853,6.592,1.541,5.051,0.685,9.075,6.678,3.767,3.596,7.62,4.623,7.192,1.541,7.021,5.993
1272d853b5fc22802a58ddc9dab4cb49,0,3.133,0.522,5.222,7.05,4.7,1.567,9.399,1.044,7.833,2.089,7.833,9.138,6.266,4.7,7.572,1.305,8.616,1.828,3.655,6.527
9152905130e744d2d8a74b4877a2af2d,0,2.872,0.522,5.222,7.311,4.961,1.567,9.138,1.044,7.572,2.089,7.833,9.138,6.266,4.178,7.572,1.567,8.877,1.828,3.916,6.527
04403e67e0eedf7152c6a5241c674b74,0,1.558,0.519,6.753,5.974,4.675,1.558,8.312,2.078,10.39,2.078,8.571,8.052,4.675,4.156,7.532,0.779,9.61,1.818,4.675,6.234
af7e62889a994b5050b6a58f1c190206,0,4.867,0.628,3.611,4.396,6.122,6.907,7.221,1.884,1.884,2.198,9.733,10.675,4.553,3.768,7.692,5.651,6.593,1.099,6.279,4.239
9559ad1e54eb74b71205a930c7cd4214,0,5.115,0.882,6.614,6.173,6.261,4.674,5.908,1.764,5.556,1.323,8.995,6.261,4.409,3.88,7.672,4.056,6.526,1.058,7.319,5.556
bda838ff7c880e75ef335eb744e89925,0,5.086,1.034,7.414,6.034,6.552,3.793,5.948,1.207,5.172,1.466,8.879,6.293,3.707,2.931,8.103,4.655,7.241,1.293,7.241,5.948
1f979ee3a2d7a750b82c862b57562136,0,5.459,0.693,6.499,5.546,5.286,4.419,6.326,1.473,4.853,0.867,7.886,7.799,3.64,3.813,8.752,4.246,8.059,1.733,6.759,5.893
73a287442a2f75754f32a5c7277cbd24,0,4.604,1.439,5.18,4.604,7.194,4.892,6.187,1.295,5.18,2.014,9.353,8.201,2.59,6.331,6.619,3.885,7.626,1.583,5.18,6.043
93f1d3a91a1bfe88015a04f4fa178bca,0,5.263,1.069,6.414,5.099,6.414,4.276,6.168,2.385,4.03,1.891,8.717,8.224,4.194,4.112,7.73,5.181,7.155,1.398,6.25,4.03
6aa5c8a2021a3bfb64365205cacb9205,0,5.617,1.187,6.329,4.984,6.171,4.114,6.487,2.769,3.877,1.661,7.911,8.703,4.351,4.668,7.437,5.459,6.646,1.424,5.934,4.272
f5426aa51ca7ff6384725c62bc1b13e7,0,4.485,0.914,6.312,5.731,6.312,3.405,8.056,1.246,4.485,1.495,8.389,7.309,4.319,3.987,7.724,4.568,7.143,1.246,6.728,6.146
1a899ecc6a88530a4403fb1398ba3c34,0,6.667,1.647,5.569,6.353,7.451,4.078,5.02,1.647,4.549,2.51,7.922,6.118,5.098,4.549,6.196,4.627,6.353,1.961,6.745,4.941
950e4305adc673f540012b1981bfcb88,0,5.624,0.703,6.942,6.239,6.063,4.13,6.766,2.021,5.712,1.054,8.875,6.503,3.954,3.691,7.557,4.13,6.678,1.23,5.975,6.151
9a00d4658f9cea7fbc914bc35c05ad96,0,5.502,0.873,6.9,5.502,5.939,3.843,7.249,2.271,5.153,1.135,8.646,6.9,4.017,3.581,7.424,4.891,6.376,1.485,5.939,6.376
ab56b1d4b2bcd643cf0be3e6b8e53c3c,0,5.36,0.703,6.854,5.888,5.975,3.866,7.118,1.933,5.185,1.23,8.875,7.118,4.13,3.603,7.469,4.394,6.678,1.23,6.063,6.327
6de9ca8bb2626667214da59a86d97cfe,0,5.624,0.791,7.03,5.536,6.063,4.13,7.118,2.197,5.009,1.23,8.787,7.381,3.954,3.515,7.381,4.306,6.503,1.23,5.975,6.239
900c43c97a1fe2746c5e99037350bc33,0,5.272,0.791,6.942,5.712,5.975,4.042,6.942,2.021,5.272,1.23,8.963,7.293,3.866,3.691,7.469,4.394,6.415,1.23,6.151,6.327
4166f2799238760c73d3ff835f2e93ec,0,6.977,1.017,3.779,4.506,5.523,4.215,8.43,1.017,4.215,1.89,8.43,9.448,4.942,5.233,7.558,4.215,8.43,1.163,3.343,5.669
dbd50bb14494600ff35f0cce9e177179,0,6.928,0.904,4.819,3.313,6.175,3.464,9.94,0.904,4.217,2.108,9.036,9.337,4.367,5.723,6.928,4.066,7.831,1.205,3.012,5.723
01c7dcf7a78e24280561dc5393e51847,0,6.777,1.054,4.819,3.163,6.175,3.313,10.09,0.904,4.217,2.108,9.187,9.488,4.367,5.723,7.078,3.916,7.831,1.205,3.012,5.572
f79d6a214b3be97cc60571db16d4eaff,0,5.449,0.442,4.271,5.155,4.86,4.271,7.511,1.62,5.449,1.767,9.426,7.953,4.271,4.418,8.542,4.418,8.395,1.178,5.155,5.449
dcc942b162780437555199e33f4070a3,0,5.333,0.889,4.148,4.444,6.519,4.889,7.852,0.889,3.111,1.926,9.333,9.037,4.889,4.148,6.963,4.296,9.63,1.185,5.333,5.185
336ea16539126e3ee151dabb0312e01f,0,4.747,0.633,3.639,3.639,6.962,5.854,4.747,1.741,1.582,1.899,10.285,10.601,4.589,4.114,8.386,5.696,8.703,1.266,6.646,4.272
ec20d02d995f004b883a3946060ca2a0,0,4.897,0.474,3.002,3.791,7.425,6.003,6.161,1.738,1.738,1.738,9.953,11.058,4.581,4.265,9.163,5.213,8.057,1.264,5.529,3.949
3ab864ca2578d651428f48d285c42045,0,5.063,0.316,3.639,3.797,6.646,5.696,4.905,1.899,1.582,1.741,10.443,10.918,4.747,3.956,8.386,5.854,8.544,1.108,6.646,4.114
f6507a964f1ead8ba892d6ab7f26079d,0,5.939,0.321,3.05,3.692,6.581,6.26,6.421,2.408,1.445,1.124,10.273,10.915,4.655,3.531,8.186,5.939,8.507,1.124,6.26,3.371
69e790cd88081d04e405b9a07cad6de8,0,5.529,0.474,3.002,4.107,6.477,5.529,5.055,1.896,2.212,1.58,10.269,10.9,4.265,4.107,9.163,5.687,8.057,1.106,6.477,4.107
3bbd767d66bf95ee1fdb4c094659bff8,0,4.739,0.632,3.002,3.791,6.635,5.213,6.161,1.738,1.422,1.738,9.953,10.742,4.581,4.107,9.479,5.687,9.005,1.264,5.845,4.265
021361bd7ae959e44c48f7af177952b5,0,4.739,0.632,3.002,3.791,6.635,5.213,6.161,1.738,1.422,1.738,9.795,10.585,4.581,4.107,9.795,5.687,9.005,1.264,5.845,4.265
1c97ccb061537a05c4e466fbca7943ac,0,5.529,0.474,3.002,4.107,6.319,5.529,4.739,1.896,2.054,1.58,10.585,11.216,4.265,3.949,9.321,5.845,8.057,1.106,6.319,4.107
03eae720af38536fab0864c0dce160c4,0,5.082,0.726,3.448,3.267,6.352,5.445,5.626,2.178,1.633,1.633,10.526,9.437,5.263,3.993,9.982,6.171,8.348,1.452,5.082,4.356
8e31154e48ea67c66f8f26f0d0275ff8,0,4.892,0.288,4.173,4.892,5.899,4.604,8.058,0.863,2.59,1.295,9.209,10.072,4.604,3.885,7.482,4.748,8.921,1.007,7.05,5.468
dfb082222aaa6b0fcbee1ea4f83def44,0,5.435,0.466,5.745,5.435,5.901,5.124,4.658,1.553,5.124,1.398,8.075,7.453,4.503,4.658,8.385,3.882,7.764,1.553,6.677,6.211
d735456d02470f7ed4b79ed220a07828,0,5.368,0.307,5.828,6.288,5.215,6.288,5.368,1.687,5.521,1.227,8.896,6.748,4.601,4.141,8.436,4.141,7.822,1.38,5.982,4.755
d5c80851c5b3794b81113d9746a32d2d,0,5.368,0.307,5.828,6.135,5.061,6.288,5.061,1.687,5.828,1.227,9.202,6.902,4.755,3.988,8.436,4.141,7.669,1.38,5.982,4.755
d8bbab661639e2fc1e04b67f6174c2d3,0,5.991,0.307,5.53,6.605,5.223,6.759,5.837,1.229,5.223,1.229,8.449,6.759,4.455,4.147,8.449,4.608,7.22,1.229,5.53,5.223
bd35c3ee3c7a76fcab0eb02293c877b8,0,6.003,0.586,4.1,5.564,5.124,3.953,8.199,1.171,5.271,1.903,8.785,8.931,4.978,5.124,7.174,3.953,7.467,1.464,4.685,5.564
efa2bba780930f5010589e4174cb37ed,0,4.889,0.296,4.148,5.778,4.444,4.889,8.741,1.778,5.333,1.63,6.815,9.63,4.148,4.593,6.222,4.444,9.185,1.63,5.333,6.074
9cfa7c0e6d9234934566ad65cd3f3aaa,0,5.378,0.436,3.924,6.686,5.959,4.651,8.14,1.89,4.215,1.599,8.866,7.703,2.616,4.215,8.576,5.814,7.122,1.599,5.087,5.523
cbb8b0e6ca1643fb62374b4ceb044e59,0,4.706,0.523,3.922,5.098,4.837,4.314,6.013,1.569,1.569,2.614,7.32,14.379,5.752,4.183,6.797,6.275,8.235,1.046,3.791,7.059
7402f01c55f6f92ada40ffe94196799f,0,4.746,1.102,5.424,6.271,5.0,4.492,6.864,2.034,5.424,1.441,8.475,8.475,5.424,3.898,6.695,2.712,8.22,1.017,6.102,6.186
e7128e3ed280f12a4711379f09261706,0,4.746,1.017,5.424,6.271,5.085,4.492,6.949,2.034,5.424,1.441,8.39,8.475,5.424,3.898,6.695,2.627,8.136,1.102,6.186,6.186
4fa5f7c5bd4d43d8db122183a4a9facd,0,5.102,0.729,4.81,5.831,6.56,4.956,6.414,1.749,4.082,1.749,8.746,7.143,3.061,3.936,8.892,5.539,8.601,1.895,4.373,5.831
6c7da66bc9fdaf6dbe11e555fdbb42af,0,6.074,0.889,4.593,6.667,6.815,4.444,7.111,1.481,3.259,1.778,8.741,6.963,3.259,5.63,8.889,6.074,6.222,1.63,5.185,4.296
1e18065d7f0bbd5715122c6a71f121a6,0,5.976,0.531,3.718,5.046,5.976,4.25,5.71,1.992,1.328,2.656,7.968,12.616,5.179,3.054,7.437,6.375,7.437,0.93,4.781,7.039
c71c472a027923d6803a73bd11ec356b,0,5.848,1.023,4.532,4.386,5.556,3.947,9.942,1.608,4.094,2.047,8.187,8.041,4.386,6.433,8.333,4.825,6.433,1.17,3.363,5.848
1d941c87b0b5b2a12cf881be7ea75cfc,0,5.117,0.877,5.117,4.678,5.117,4.386,9.795,1.462,4.678,1.901,8.918,8.041,4.24,5.848,8.333,4.532,5.994,1.17,3.655,6.14
84b0b5e5b23be0cb6ec149d8acf882de,0,5.803,2.067,6.359,5.326,6.757,3.577,5.723,1.59,4.372,2.385,7.87,6.598,5.246,4.054,6.28,4.452,8.188,1.908,6.677,4.769
c0a641ec6a3d16d17f84ec972c22d67b,0,5.433,1.322,4.112,5.58,7.783,3.671,7.048,2.056,3.965,1.762,8.37,6.314,4.699,4.699,6.755,5.286,8.517,2.349,5.433,4.846
df1909e002bf13acb4b4ab0f7109e384,0,6.85,1.732,7.402,5.197,6.614,3.858,4.331,1.417,4.646,2.362,8.189,5.984,4.724,4.803,6.85,4.331,6.535,1.732,7.402,5.039
d95a5b45363fb409fae62ef980a22909,0,6.121,1.908,5.962,6.439,7.393,3.736,4.531,2.146,4.61,2.385,7.87,5.723,4.769,4.928,5.962,4.769,7.87,1.828,6.439,4.61
1d27a6352b5a8c5a85f5950458eeb8d9,0,6.488,1.211,5.104,6.488,6.401,3.46,6.574,2.336,2.595,1.038,8.91,6.92,4.844,3.547,8.824,6.315,7.093,1.298,6.228,4.325
2c63a9cc734ab8b9228b24e4543b1e8c,0,6.516,1.129,5.039,6.516,6.255,3.475,6.603,2.346,2.52,1.043,8.949,7.037,4.865,3.475,8.862,6.429,7.037,1.303,6.169,4.431
17c18b0c27c0e1e109fecd15e97cbb65,0,5.94,1.709,6.916,5.696,6.835,3.906,6.753,2.278,3.092,0.651,8.788,7.811,2.929,3.58,7.974,6.428,6.998,1.383,5.858,4.475
e733bcf57fddd32b717f3e39a137f156,0,5.653,1.513,6.21,5.494,6.131,4.061,5.892,2.866,3.662,1.194,7.325,8.121,3.901,4.22,7.325,5.971,8.121,1.513,5.892,4.936
99fcc854f9118df473a1099f7ced7406,0,6.88,1.6,7.12,6.24,6.32,3.44,5.68,2.24,5.12,1.76,8.24,5.6,5.2,3.92,6.08,4.08,5.76,1.68,7.28,5.76
490fc03c5f911b52ede9347190bbe557,0,7.232,0.249,4.239,5.237,7.232,3.242,4.613,1.496,3.99,1.372,9.102,9.102,4.988,5.362,6.733,3.99,7.606,2.369,6.484,5.362
74b35fd825d1233ea87c7d94293a3db7,0,6.871,1.455,6.71,5.74,6.306,3.88,6.144,2.021,4.446,2.264,7.922,6.144,4.689,4.123,6.548,4.77,7.357,1.374,6.629,4.608
1031904f304604a4ffb646a632564d91,0,6.816,1.844,5.774,6.335,7.458,3.849,4.491,2.085,4.491,2.326,8.099,6.175,4.812,5.213,5.613,4.731,7.458,1.925,6.255,4.25
83f3da68fb8d7c7f4c483d1467e7057c,0,6.393,0.965,5.428,4.584,7.961,3.739,4.704,0.965,3.378,1.689,8.444,9.771,4.101,4.343,6.152,6.152,7.117,2.654,6.031,5.428
eb17e0f658cf848ccf57bb2590e0e78d,0,6.493,1.567,6.045,5.672,6.866,3.881,5.373,2.836,3.507,1.418,7.388,5.896,4.776,4.701,7.985,5.224,7.09,1.343,6.194,5.746
0a4be7975fb6ddfe8e6439d0c70e05a6,0,6.231,0.89,5.341,5.935,5.638,4.154,6.825,1.484,4.303,2.226,7.715,8.012,3.412,3.858,9.792,4.896,6.973,1.632,5.638,5.045
70090cce77d2dff7e6b00e3635a4dcf5,0,6.957,1.043,6.174,6.174,6.174,4.0,4.783,2.261,2.348,1.217,8.957,8.087,5.478,4.0,5.565,5.739,8.348,1.304,6.522,4.87
e702d85e502dd28e3ca07081338bfc88,0,6.957,1.043,6.174,6.174,6.174,4.0,4.696,2.261,2.348,1.217,8.957,8.087,5.565,3.913,5.652,5.652,8.348,1.304,6.609,4.87
383166c84d39b753922c896e178b582e,0,6.957,1.043,6.174,6.0,6.348,4.0,4.696,2.261,2.348,1.217,8.957,8.087,5.565,3.913,5.652,5.652,8.348,1.304,6.609,4.87
d19f1b4e05b81e4baaa00464ad0108f4,0,6.783,0.957,6.0,6.0,6.696,4.174,4.783,2.261,2.435,1.217,9.043,8.0,5.478,3.913,5.478,5.565,8.435,1.391,6.609,4.783
34fca5a62aed3f1f89249d56d83b3a46,0,6.747,1.125,5.882,6.401,6.834,3.806,5.017,2.249,2.336,1.384,9.17,7.266,5.45,3.547,7.439,6.142,6.834,1.211,6.661,4.498
dcd1c8671da27c458bbaf9d36675b437,0,6.25,1.027,5.479,6.164,6.336,4.281,5.051,2.397,2.911,1.284,8.818,7.106,5.651,4.024,7.791,5.308,6.935,1.284,6.935,4.966
2cc86ee20a05c697d1f4194f2c1ecaf4,0,6.672,1.04,6.239,5.719,6.759,4.159,4.593,2.6,2.166,1.386,8.752,7.886,5.026,3.726,6.412,6.239,7.192,1.213,7.366,4.853
6791c1b22f43f13ba5af9caf01803476,0,5.908,1.113,5.651,6.25,6.421,3.682,5.051,2.14,2.654,1.199,8.904,7.277,6.164,3.767,7.705,5.479,6.849,1.37,6.935,5.479
144164119ef0ab6ce256d939b4076eea,0,6.615,1.031,6.271,5.928,6.701,4.296,5.412,2.32,2.32,1.46,8.677,6.701,5.498,3.608,6.615,6.271,7.474,1.203,6.529,5.069
eaf711e116b46fb5f29f068c5b9c16d7,0,5.385,0.923,5.231,4.462,4.462,4.615,8.462,1.538,6.0,1.385,9.846,9.538,4.154,3.846,8.462,4.0,7.077,1.231,3.385,6.0
5e2cb0a3cce7c6151e6343a5ebb4de19,0,5.203,0.882,7.143,5.732,5.115,4.762,7.407,2.028,6.614,1.058,8.113,7.672,3.88,3.527,7.672,3.792,6.173,1.411,6.79,5.026
c4bbb21d4f5fd55da327f2d11d9bb61e,0,6.459,1.595,6.459,7.097,5.821,3.907,5.024,2.233,4.944,1.994,8.214,5.662,4.785,3.748,6.459,4.545,6.858,1.515,7.097,5.582
93a35cc778d2c6b9acb5ba7b0f1dce74,0,5.529,0.474,3.002,4.107,6.477,5.371,5.055,1.896,2.054,1.264,10.742,10.9,4.423,3.791,9.479,5.687,8.215,1.106,6.319,4.107
866a86a1fd57bf9782839e7cbb24c30d,0,5.529,0.474,3.002,4.107,6.477,5.371,4.897,1.896,2.054,1.58,10.427,11.216,4.265,4.107,9.321,5.687,8.057,1.106,6.319,4.107
d4294634d8a9abde3dd560b9e3eafee7,0,4.423,0.632,3.476,3.791,6.951,5.371,5.213,1.58,2.37,1.738,10.269,11.058,4.581,3.476,10.269,5.213,8.215,1.106,6.003,4.265
0971ea264f8ef0fcb9aaae6d898339fb,0,5.939,0.321,3.05,3.531,6.581,6.26,6.421,2.087,1.605,1.124,10.112,10.915,4.655,3.692,8.347,5.778,8.507,1.124,6.26,3.692
1f435d9bd2ea36309ff523b50cbcdfcc,0,5.687,0.474,3.002,3.949,6.319,5.845,5.055,1.896,2.528,1.58,10.269,11.374,3.949,3.949,8.847,6.477,7.425,1.106,6.477,3.791
4d94d1d63de384a6cc1e5cdffced828f,0,5.529,0.474,3.002,4.107,6.477,5.529,4.739,1.896,2.054,1.58,10.585,11.058,4.265,3.949,9.479,5.687,8.057,1.106,6.319,4.107
7601d943289237d1c47a5c4ea84b4772,0,5.371,0.474,3.002,4.107,6.477,5.529,4.739,1.896,2.054,1.58,10.585,11.058,4.265,4.107,9.321,5.687,8.057,1.106,6.477,4.107
b2cdd900ff6632399c3533ee3fdeca5e,0,4.897,0.632,3.002,3.791,6.793,5.371,6.003,1.738,1.422,1.738,9.953,10.585,4.581,4.107,9.637,5.687,9.005,1.106,5.687,4.265
3ae73abd05734445d1e837d089c8918c,0,4.739,0.632,3.002,3.791,6.635,5.055,6.161,1.738,1.422,1.738,9.953,10.427,4.581,4.265,9.795,5.687,9.005,1.264,5.845,4.265
5cac9343d47139c4718ec8fdfed07b80,0,4.153,0.479,2.716,4.633,6.23,5.591,6.709,2.236,2.077,1.597,10.863,11.342,3.674,3.674,8.946,5.911,8.626,1.118,5.591,3.834
bbab473633a257154a9ede4dcf0fe056,0,4.423,0.632,3.476,3.791,6.951,5.371,5.055,1.58,2.37,1.738,10.427,10.9,4.581,3.791,9.953,5.213,8.373,1.106,6.003,4.265
9d73a1ac56646324f243350437d753aa,0,4.739,0.632,3.002,3.791,6.477,5.213,6.161,1.738,1.422,1.738,9.953,10.585,4.581,3.949,9.795,5.845,9.005,1.264,5.845,4.265
578b021093038592f5915b33a8dcb899,0,5.363,0.631,2.524,4.259,6.309,4.89,5.047,2.208,2.208,0.789,11.199,10.568,3.943,4.101,9.937,5.994,8.36,1.262,6.151,4.259
d6f64caced4e8d9570e08a9564db7fb0,0,5.964,1.21,5.272,5.445,6.05,3.198,6.309,2.593,5.704,2.074,8.816,7.692,4.494,4.062,6.914,3.371,8.211,1.296,5.532,5.791
fdc7c28b3f9186e0fe91448bd5ec0827,0,5.854,1.382,5.203,5.447,6.098,3.089,6.423,2.52,5.203,2.033,8.618,8.78,4.959,3.902,7.236,3.333,7.805,1.138,4.878,6.098
d6003c569744d54994383b1db3680122,0,5.327,0.609,5.479,5.479,7.61,4.11,7.458,1.522,4.11,1.37,8.219,7.306,2.892,3.805,9.437,5.175,7.002,1.979,5.632,5.479
f5af903b66cff8c35e3197cb63649d79,0,5.909,0.303,4.545,7.273,6.061,4.848,5.606,1.97,4.545,2.273,9.091,6.515,2.879,4.848,6.212,4.545,8.788,1.667,4.697,7.424
6b5873ace35adbe0d83bc9f0bb83776d,0,5.601,1.38,5.114,5.519,6.25,3.084,6.169,2.516,5.114,2.11,8.604,8.929,5.032,3.815,7.224,3.247,8.036,1.136,4.951,6.169
93137b2b6d40a18c6645a5c2bbcce994,0,5.935,0.593,4.748,4.599,7.122,3.561,7.864,1.78,4.896,1.78,8.457,6.677,3.858,5.045,8.605,3.709,7.715,1.632,5.786,5.638
9b99dde1fdbad99838eb0aeace3109fe,0,5.964,1.124,5.013,5.532,5.964,3.284,6.396,2.679,5.704,2.074,8.816,7.779,4.667,3.976,6.914,3.371,7.952,1.296,5.704,5.791
67c68a53c42b36b9bca7233c7890f799,0,5.532,1.21,5.272,5.532,5.964,3.457,5.877,2.506,5.445,2.074,8.989,8.038,4.667,4.235,6.828,3.63,8.384,1.21,5.704,5.445
9bb20e1170a22b29c427ced31524fdfa,0,8.748,0.302,4.072,5.581,7.24,4.977,5.279,1.508,4.374,1.357,9.653,8.597,3.167,5.581,7.089,4.977,6.486,1.207,5.43,4.374
a50164923a421dd341274fae0ab9940e,0,6.122,0.583,5.685,5.394,6.997,4.373,6.414,1.749,5.831,2.187,6.851,7.872,3.061,4.519,6.56,4.373,7.143,1.312,5.685,7.289
42d644a9f42ce97be6933d3de8bf06fd,0,8.748,0.302,4.072,5.732,7.24,4.977,5.279,1.508,4.374,1.357,9.502,8.446,3.167,5.581,7.24,4.977,6.486,1.207,5.43,4.374
f9852534a85e695175d28f06f9e7f104,0,6.775,0.442,4.271,5.155,5.449,3.829,6.922,1.62,4.124,2.062,8.542,8.395,4.418,4.566,7.364,4.418,9.867,1.178,5.155,5.449
efa7d586b4863cc171d35cdf922dd519,0,6.541,1.308,3.924,4.215,5.233,4.215,8.721,1.017,4.506,1.744,8.576,7.849,4.942,5.669,8.14,4.07,8.285,1.308,3.634,6.105
75ac5107947206ae62ab03a105f6d892,0,6.686,1.308,4.07,4.215,5.087,4.215,8.43,1.017,4.506,1.89,8.43,7.849,4.942,5.814,8.14,4.07,8.285,1.308,3.634,6.105
7551ad7baaf5369a3627d19d90a09902,0,6.541,1.308,3.924,4.215,5.233,4.36,8.576,1.017,4.506,1.89,8.43,7.849,4.651,5.669,8.14,4.36,8.285,1.308,3.634,6.105
3fab19c255f87231b4fedb883d26e034,0,6.006,1.397,5.307,4.749,5.726,4.33,6.844,1.955,4.469,1.117,8.52,7.542,4.05,4.609,8.799,5.028,7.821,2.095,3.911,5.726
5a4537f921e0bef6f939a126ed3cd436,0,4.581,0.632,3.476,3.791,7.109,5.213,5.213,1.58,2.37,1.738,10.585,11.058,4.581,3.791,9.479,5.213,8.215,1.106,6.003,4.265
0290a51001cc62942d034af2c66620db,0,4.423,0.632,3.476,3.791,6.951,5.371,5.055,1.58,2.37,1.738,10.427,11.216,4.581,3.633,9.795,5.213,8.373,1.106,6.003,4.265
d48503b177e3945f2d1373ce18409e2c,0,5.939,0.321,3.05,3.692,6.742,6.26,6.26,2.247,1.605,1.124,10.273,10.915,4.655,3.692,7.865,5.778,8.668,1.124,6.26,3.531
0d5a86a5256682aeedc0f3b3f42661be,0,5.949,0.322,3.055,3.537,6.592,6.431,6.27,2.412,1.768,1.125,10.129,11.093,4.502,4.18,8.039,5.788,7.556,1.125,6.431,3.698
a0e4bac20ffb14646d266888eab7f350,0,5.939,0.321,3.05,3.852,6.421,6.26,6.26,2.087,1.605,1.124,10.273,10.915,4.655,3.852,8.026,5.778,8.668,1.124,6.26,3.531
f3c944d22cd6c5c8ad27bdfc2e7bc3e9,0,5.529,0.474,3.002,4.107,6.477,5.529,4.739,1.896,2.054,1.58,10.585,11.058,4.265,4.107,9.163,5.687,8.215,1.106,6.319,4.107
46e4980d46a08945e4587be19dac54ca,0,4.615,1.731,4.615,5.192,6.154,3.846,4.615,1.731,2.885,1.923,5.962,11.538,6.154,4.615,7.5,5.769,9.231,1.154,6.538,4.231
0e437dfe193ecc2bbadecea8e6096d43,0,7.465,0.622,4.821,4.977,5.599,5.91,6.843,0.622,3.888,1.711,9.02,7.621,3.888,4.821,7.465,4.51,8.243,1.555,5.288,5.132
cce4b03d96b20c746b987e532ba81117,0,6.713,0.579,6.597,3.704,6.481,4.282,5.787,1.157,4.167,1.736,8.218,7.292,5.671,5.787,6.25,4.63,6.597,2.431,5.903,6.019
3e9d6af60325672f149beb3fa374b158,0,5.939,1.381,3.729,5.387,6.354,5.939,6.492,0.691,5.11,1.243,8.287,10.083,3.591,4.42,8.702,3.729,7.597,1.381,4.42,5.525
a753620589bb16408471a49b926a1c1f,0,5.512,0.0,2.756,4.921,3.543,5.118,8.858,0.787,2.953,1.969,7.48,13.78,6.102,1.969,9.449,3.15,6.496,1.969,7.677,5.512
2216929a9e25a5b393768c4c6406803e,0,6.61,1.46,6.149,5.304,6.995,3.536,5.073,1.922,4.535,1.922,8.301,6.61,4.996,4.689,6.841,4.612,7.456,1.384,6.841,4.766
14274fcc2c1d0d4cd9b3c1cb62da19ac,0,6.672,1.38,6.135,5.368,6.979,3.374,5.215,2.224,4.831,2.454,8.052,6.288,4.678,4.601,6.979,4.448,7.439,1.304,6.595,4.985
2b8ee33d95351dbdfaf0bccc8470794a,0,4.566,0.627,8.594,5.998,6.177,4.208,7.162,1.88,5.282,1.074,8.505,6.267,3.671,3.491,7.341,4.208,6.356,1.522,7.699,5.372
8f016ab11aca3b4e5d1cafeb3542449e,0,5.303,0.758,6.061,6.061,6.818,1.515,9.848,6.061,3.03,1.515,4.545,9.848,2.273,2.273,8.333,6.061,8.333,0.758,6.061,4.545
f8f78aa73e10c43ae09f70fa8b4f82c2,0,3.361,0.84,6.723,5.882,8.403,3.361,7.563,4.202,5.882,1.681,5.042,5.042,2.521,2.521,10.924,5.042,10.084,0.84,6.723,3.361
5ec49ac0fa359f8a840ccba1f3e3c924,0,4.065,0.0,5.691,4.065,10.569,2.439,4.878,4.878,4.878,1.626,3.252,9.756,4.878,2.439,10.569,3.252,10.569,0.813,4.878,6.504
ce6a359b920303592185eefe7ddc0d2d,0,6.37,0.148,5.926,4.296,6.519,5.333,5.926,2.519,3.556,1.481,8.593,6.222,3.852,4.296,8.444,5.185,8.444,1.778,6.519,4.593
a02a30f0db167f88e10a52679cbfba0a,0,4.839,0.645,7.097,5.484,5.484,3.548,7.097,1.935,9.355,2.258,7.742,4.839,3.548,2.903,10.968,1.613,10.645,0.323,6.129,3.548
7612f1feca7682499f8d11f16ec1fe44,0,4.755,1.189,3.566,4.903,5.052,4.16,9.658,1.189,4.309,1.486,9.361,8.915,4.16,5.349,8.618,4.309,6.984,1.337,4.755,5.944
8f6bbf4f65dc63c013a3f93556183348,0,6.074,1.32,5.106,5.37,6.162,3.345,6.338,2.641,5.722,2.025,8.715,7.306,4.489,4.137,6.866,3.433,8.363,1.32,5.546,5.722
f2463c626cf18905c5edb3ef0d587fd9,0,6.755,0.332,6.866,5.316,6.755,3.876,6.645,1.329,4.762,1.218,8.638,6.977,3.654,4.651,7.641,4.873,7.53,1.329,4.873,5.98
efa4500ea3fdd1210036871f98e04455,0,5.774,0.502,6.109,5.774,5.69,4.184,5.774,1.674,3.18,1.423,7.782,7.866,5.105,4.435,7.197,5.356,8.033,1.674,7.28,5.188
e6ec624bf44574b9cda500000e22c6b0,0,5.695,0.503,6.198,5.863,5.695,4.104,5.695,1.508,3.183,1.424,7.789,7.873,5.193,4.439,7.454,5.276,7.956,1.591,7.286,5.276
d61a50070b62b93b72810ec7b9b93569,0,6.265,0.495,5.853,6.101,5.853,3.875,6.101,1.566,3.298,1.237,7.832,8.079,5.359,3.957,7.502,5.276,7.749,1.649,6.513,5.441
74bf02325d59bb6e87432bac0a2b6149,0,6.638,0.431,6.293,5.431,6.466,3.534,6.552,0.69,3.621,1.552,8.362,7.759,5.172,3.534,8.448,4.914,7.328,1.724,6.121,5.431
0c2b2f2a37395670ecc855dd2ac91b23,0,6.638,0.431,6.293,5.431,6.466,3.534,6.552,0.69,3.621,1.552,8.362,7.759,5.172,3.448,8.534,4.914,7.328,1.724,6.121,5.431
05a3decd47f092ebd7d19d731256484d,0,6.569,0.432,6.655,5.964,5.791,3.803,5.532,0.778,4.062,1.729,8.47,7.519,5.445,4.149,7.26,5.186,7.519,1.729,5.964,5.445
6fcd54bb1f80978185267a0bdd2acd16,0,6.482,0.346,6.569,5.877,6.05,3.803,5.618,0.778,4.149,1.729,8.384,7.433,5.445,4.235,7.26,5.272,7.519,1.729,5.877,5.445
e9c39fefeb1047c6d1938ba1f89d4814,0,6.053,0.341,6.65,5.2,6.053,3.836,6.223,1.194,2.984,2.131,7.587,8.44,4.689,3.495,8.014,5.797,7.673,1.62,7.076,4.945
95cc04f3a92f81f667ab04cc7b6c4768,0,6.136,0.415,7.048,6.053,6.053,3.234,5.224,1.327,3.731,1.824,8.375,7.463,4.809,4.561,6.882,4.892,7.96,1.493,6.633,5.887
4b0662bab2e25fd50cfbeebf3c26c54c,0,5.847,0.424,7.458,5.254,6.949,3.898,6.102,1.017,3.644,0.932,8.22,6.949,5.0,4.153,7.034,4.915,7.966,1.525,6.78,5.932
20925eba5c57ada6da2cd4801835abe8,0,6.65,0.256,6.991,5.456,6.735,3.751,6.223,1.194,4.007,1.279,8.014,7.502,4.945,4.092,6.991,4.859,8.099,1.449,5.712,5.797
067c653d8305e31707d756a25e6de91a,0,6.633,0.34,6.803,5.442,6.463,3.997,5.867,0.935,4.167,1.361,7.993,7.823,4.762,4.252,6.548,4.677,7.993,1.446,6.548,5.952
6b31e066ee75d8161708c50252ed0f0c,0,6.885,0.602,6.627,5.422,6.368,3.787,6.024,0.775,3.873,1.721,8.262,6.885,5.25,3.787,8.606,4.733,7.487,1.635,5.938,5.336
b47c82f214c6dfff06304b96f332c520,0,5.412,0.344,6.873,5.412,6.873,3.694,5.326,0.773,3.952,1.632,7.99,6.873,5.241,4.467,7.99,5.326,7.474,1.46,6.959,5.928
43360ef5a3066fe7b82784e0a73aab94,0,5.877,0.605,7.174,5.445,5.445,4.494,7.087,1.469,3.889,1.469,9.248,6.914,4.494,3.803,7.865,4.754,6.914,1.21,6.655,5.186
f3c7956d095ad0bdb56399994c395c9b,0,5.792,0.256,7.411,5.281,5.792,4.003,6.133,1.022,3.492,1.533,8.603,7.751,5.111,4.6,6.899,5.111,7.836,1.278,6.729,5.366
8ea0daf4d6ba9f7f7cc5de336d182d4a,0,5.792,0.256,7.411,5.196,5.877,4.003,6.133,1.022,3.407,1.533,8.688,7.836,5.111,4.6,6.899,5.111,7.751,1.278,6.729,5.366
cf0c6686de7a397a15f3ea77e8793412,0,5.15,0.748,6.645,4.983,6.229,4.319,5.98,1.163,3.073,1.91,7.143,8.306,5.233,3.904,7.475,5.814,7.475,1.329,7.309,5.814
2a9288c8f2e036fa7a7c2e3b19d4600e,0,6.422,0.417,5.505,5.838,6.756,4.17,5.004,1.168,2.836,1.668,7.173,7.423,5.671,3.503,7.423,5.505,8.257,1.501,8.257,5.505
88ce3a027ea634fa0b64fcc2e4837886,0,5.963,0.681,6.218,5.877,5.963,3.748,5.877,1.107,4.003,1.363,8.518,6.899,5.026,3.663,8.773,4.685,7.922,1.448,7.07,5.196
4d3285d35e93a0414ac4117810fbf65a,0,6.65,0.256,6.905,5.456,6.82,3.751,6.309,1.194,4.007,1.279,8.014,7.502,5.03,4.007,6.991,4.859,8.099,1.449,5.627,5.797
ceb62151802af1f9598cbdc67fd1ce59,0,7.388,0.264,4.354,5.145,5.541,4.749,7.388,0.923,4.485,2.77,8.179,8.311,4.881,5.673,8.971,3.298,5.937,0.792,5.013,5.937
afbe00333d1d4b1f7cba5c3c9ded7288,0,5.604,1.245,3.238,5.729,8.593,3.985,5.978,1.37,4.608,1.993,8.593,7.472,5.604,4.981,8.842,2.615,7.347,1.245,6.102,4.857
4620164de6a4f4f4deaca5e3d66477f7,0,2.821,0.627,5.016,4.389,8.15,2.821,7.524,0.627,5.016,1.254,5.643,7.524,1.881,6.897,9.404,4.075,13.166,1.254,7.21,4.702
b1975f7fc71d94869d73f1da4c1c4ef2,0,5.731,0.428,7.442,5.56,5.988,4.962,5.731,1.369,3.336,1.454,8.469,7.956,4.79,2.994,6.843,5.475,8.041,1.625,6.159,5.646
027c080cc603080d42940bbb3e7b5696,0,3.968,1.587,5.556,8.73,8.73,3.175,6.349,0.794,6.349,1.587,3.175,4.762,3.175,6.349,7.143,1.587,10.317,2.381,5.556,8.73
0b413d0096ce43e0e22c6d411cbffd1c,0,4.955,0.3,3.604,3.604,6.456,5.856,5.105,1.802,1.952,1.802,10.511,10.811,4.655,3.604,8.709,5.706,8.108,1.051,6.757,4.655
9e3e26afdcdb3103144202e27905fe14,0,6.154,0.385,4.231,3.846,2.692,5.769,11.538,2.308,4.231,1.538,8.077,11.538,5.769,4.615,6.154,2.692,5.769,1.154,7.308,4.231
cd8747fca1e06772c9b619bfc00d27f5,0,4.438,1.775,5.03,4.142,6.509,5.621,5.325,0.888,3.846,1.775,4.734,7.101,5.621,5.325,8.876,3.55,13.609,0.592,6.509,4.734
52a8dc058e53f6893cd083df79f821c1,0,4.142,1.775,5.03,4.142,6.509,5.621,5.325,0.888,4.142,1.775,4.734,7.101,5.325,5.325,9.172,3.55,13.609,0.592,6.805,4.438
28bcf6945fdca2ad99c21fa615182305,0,5.384,0.942,3.903,4.845,5.249,4.038,8.21,0.673,5.384,1.346,9.825,10.363,4.307,4.711,8.075,3.903,6.595,1.75,4.307,6.191
5c84b528a56987b1a7ccf560ae4ecaee,0,6.26,0.494,5.931,6.013,5.601,3.871,6.178,1.4,3.542,1.318,7.908,8.155,5.272,3.871,7.496,5.354,7.414,1.647,6.672,5.601
b4b5c26ce99f3f9bd164c99648506a8c,0,4.955,1.502,6.006,5.255,6.907,4.354,7.508,0.901,4.655,1.351,8.709,6.907,2.853,4.505,9.459,4.655,6.607,1.802,4.805,6.306
51ea8f7b07f84b0ad8bf977549218c4f,0,5.774,0.0,3.412,4.462,6.824,6.037,6.824,2.887,2.1,1.05,7.087,6.824,3.675,5.774,8.399,5.512,10.761,1.575,6.562,4.462
9109e47216c07024af5cf5b250a86dac,0,6.556,0.962,6.119,5.857,6.731,4.545,5.507,2.535,2.622,1.224,9.003,6.119,5.245,3.322,7.08,6.119,7.605,1.311,6.556,4.983
035bd8fd0b91f94dbfa16a312ecb9cec,0,6.504,0.407,4.065,3.252,2.846,5.691,12.195,2.033,4.065,1.22,7.724,9.756,6.098,4.472,6.911,3.252,6.911,1.22,8.13,3.252
